[
{
  "model": "admin.logentry",
  "pk": 411,
  "fields": {
    "action_time": "2024-11-13T18:36:45.099Z",
    "user": 2,
    "content_type": 13,
    "object_id": "34",
    "object_repr": "Jogo object (34)",
    "action_flag": 3,
    "change_message": ""
  }
},
{
  "model": "admin.logentry",
  "pk": 412,
  "fields": {
    "action_time": "2024-11-13T18:36:45.099Z",
    "user": 2,
    "content_type": 13,
    "object_id": "33",
    "object_repr": "Jogo object (33)",
    "action_flag": 3,
    "change_message": ""
  }
},
{
  "model": "admin.logentry",
  "pk": 413,
  "fields": {
    "action_time": "2024-11-13T18:36:45.099Z",
    "user": 2,
    "content_type": 13,
    "object_id": "32",
    "object_repr": "Jogo object (32)",
    "action_flag": 3,
    "change_message": ""
  }
},
{
  "model": "admin.logentry",
  "pk": 414,
  "fields": {
    "action_time": "2024-11-13T18:36:45.099Z",
    "user": 2,
    "content_type": 13,
    "object_id": "31",
    "object_repr": "Jogo object (31)",
    "action_flag": 3,
    "change_message": ""
  }
},
{
  "model": "admin.logentry",
  "pk": 415,
  "fields": {
    "action_time": "2024-11-13T18:36:45.099Z",
    "user": 2,
    "content_type": 13,
    "object_id": "30",
    "object_repr": "Jogo object (30)",
    "action_flag": 3,
    "change_message": ""
  }
},
{
  "model": "admin.logentry",
  "pk": 416,
  "fields": {
    "action_time": "2024-11-13T18:36:45.099Z",
    "user": 2,
    "content_type": 13,
    "object_id": "29",
    "object_repr": "Jogo object (29)",
    "action_flag": 3,
    "change_message": ""
  }
},
{
  "model": "admin.logentry",
  "pk": 417,
  "fields": {
    "action_time": "2024-11-13T18:36:45.099Z",
    "user": 2,
    "content_type": 13,
    "object_id": "28",
    "object_repr": "Jogo object (28)",
    "action_flag": 3,
    "change_message": ""
  }
},
{
  "model": "admin.logentry",
  "pk": 418,
  "fields": {
    "action_time": "2024-11-13T18:36:45.099Z",
    "user": 2,
    "content_type": 13,
    "object_id": "27",
    "object_repr": "Jogo object (27)",
    "action_flag": 3,
    "change_message": ""
  }
},
{
  "model": "admin.logentry",
  "pk": 419,
  "fields": {
    "action_time": "2024-11-13T18:36:45.099Z",
    "user": 2,
    "content_type": 13,
    "object_id": "26",
    "object_repr": "Jogo object (26)",
    "action_flag": 3,
    "change_message": ""
  }
},
{
  "model": "admin.logentry",
  "pk": 420,
  "fields": {
    "action_time": "2024-11-13T18:36:45.100Z",
    "user": 2,
    "content_type": 13,
    "object_id": "25",
    "object_repr": "Jogo object (25)",
    "action_flag": 3,
    "change_message": ""
  }
},
{
  "model": "admin.logentry",
  "pk": 421,
  "fields": {
    "action_time": "2024-11-13T18:36:45.100Z",
    "user": 2,
    "content_type": 13,
    "object_id": "24",
    "object_repr": "Jogo object (24)",
    "action_flag": 3,
    "change_message": ""
  }
},
{
  "model": "admin.logentry",
  "pk": 422,
  "fields": {
    "action_time": "2024-11-13T18:36:45.100Z",
    "user": 2,
    "content_type": 13,
    "object_id": "23",
    "object_repr": "Jogo object (23)",
    "action_flag": 3,
    "change_message": ""
  }
},
{
  "model": "admin.logentry",
  "pk": 423,
  "fields": {
    "action_time": "2024-11-13T18:36:45.100Z",
    "user": 2,
    "content_type": 13,
    "object_id": "22",
    "object_repr": "Jogo object (22)",
    "action_flag": 3,
    "change_message": ""
  }
},
{
  "model": "admin.logentry",
  "pk": 424,
  "fields": {
    "action_time": "2024-11-13T18:36:45.100Z",
    "user": 2,
    "content_type": 13,
    "object_id": "21",
    "object_repr": "Jogo object (21)",
    "action_flag": 3,
    "change_message": ""
  }
},
{
  "model": "admin.logentry",
  "pk": 425,
  "fields": {
    "action_time": "2024-11-13T18:36:45.100Z",
    "user": 2,
    "content_type": 13,
    "object_id": "20",
    "object_repr": "Jogo object (20)",
    "action_flag": 3,
    "change_message": ""
  }
},
{
  "model": "admin.logentry",
  "pk": 426,
  "fields": {
    "action_time": "2024-11-13T18:36:45.100Z",
    "user": 2,
    "content_type": 13,
    "object_id": "19",
    "object_repr": "Jogo object (19)",
    "action_flag": 3,
    "change_message": ""
  }
},
{
  "model": "admin.logentry",
  "pk": 427,
  "fields": {
    "action_time": "2024-11-13T18:36:45.100Z",
    "user": 2,
    "content_type": 13,
    "object_id": "18",
    "object_repr": "Jogo object (18)",
    "action_flag": 3,
    "change_message": ""
  }
},
{
  "model": "admin.logentry",
  "pk": 428,
  "fields": {
    "action_time": "2024-11-13T18:36:45.100Z",
    "user": 2,
    "content_type": 13,
    "object_id": "17",
    "object_repr": "Jogo object (17)",
    "action_flag": 3,
    "change_message": ""
  }
},
{
  "model": "admin.logentry",
  "pk": 429,
  "fields": {
    "action_time": "2024-11-13T18:36:45.100Z",
    "user": 2,
    "content_type": 13,
    "object_id": "16",
    "object_repr": "Jogo object (16)",
    "action_flag": 3,
    "change_message": ""
  }
},
{
  "model": "admin.logentry",
  "pk": 430,
  "fields": {
    "action_time": "2024-11-13T18:36:45.100Z",
    "user": 2,
    "content_type": 13,
    "object_id": "15",
    "object_repr": "Jogo object (15)",
    "action_flag": 3,
    "change_message": ""
  }
},
{
  "model": "admin.logentry",
  "pk": 431,
  "fields": {
    "action_time": "2024-11-13T18:36:45.100Z",
    "user": 2,
    "content_type": 13,
    "object_id": "14",
    "object_repr": "Jogo object (14)",
    "action_flag": 3,
    "change_message": ""
  }
},
{
  "model": "admin.logentry",
  "pk": 432,
  "fields": {
    "action_time": "2024-11-13T18:36:45.100Z",
    "user": 2,
    "content_type": 13,
    "object_id": "13",
    "object_repr": "Jogo object (13)",
    "action_flag": 3,
    "change_message": ""
  }
},
{
  "model": "admin.logentry",
  "pk": 433,
  "fields": {
    "action_time": "2024-11-13T18:36:45.100Z",
    "user": 2,
    "content_type": 13,
    "object_id": "12",
    "object_repr": "Jogo object (12)",
    "action_flag": 3,
    "change_message": ""
  }
},
{
  "model": "admin.logentry",
  "pk": 434,
  "fields": {
    "action_time": "2024-11-13T18:36:45.100Z",
    "user": 2,
    "content_type": 13,
    "object_id": "11",
    "object_repr": "Jogo object (11)",
    "action_flag": 3,
    "change_message": ""
  }
},
{
  "model": "admin.logentry",
  "pk": 435,
  "fields": {
    "action_time": "2024-11-18T18:55:51.208Z",
    "user": 2,
    "content_type": 13,
    "object_id": "68",
    "object_repr": "Jogo object (68)",
    "action_flag": 3,
    "change_message": ""
  }
},
{
  "model": "admin.logentry",
  "pk": 436,
  "fields": {
    "action_time": "2024-11-18T18:55:51.208Z",
    "user": 2,
    "content_type": 13,
    "object_id": "67",
    "object_repr": "Jogo object (67)",
    "action_flag": 3,
    "change_message": ""
  }
},
{
  "model": "admin.logentry",
  "pk": 437,
  "fields": {
    "action_time": "2024-11-18T18:55:51.208Z",
    "user": 2,
    "content_type": 13,
    "object_id": "66",
    "object_repr": "Jogo object (66)",
    "action_flag": 3,
    "change_message": ""
  }
},
{
  "model": "admin.logentry",
  "pk": 438,
  "fields": {
    "action_time": "2024-11-18T18:55:51.208Z",
    "user": 2,
    "content_type": 13,
    "object_id": "65",
    "object_repr": "Jogo object (65)",
    "action_flag": 3,
    "change_message": ""
  }
},
{
  "model": "admin.logentry",
  "pk": 439,
  "fields": {
    "action_time": "2024-11-18T18:56:20.800Z",
    "user": 2,
    "content_type": 11,
    "object_id": "5",
    "object_repr": "Rodada object (5)",
    "action_flag": 3,
    "change_message": ""
  }
},
{
  "model": "admin.logentry",
  "pk": 440,
  "fields": {
    "action_time": "2024-11-18T18:56:20.800Z",
    "user": 2,
    "content_type": 11,
    "object_id": "4",
    "object_repr": "Rodada object (4)",
    "action_flag": 3,
    "change_message": ""
  }
},
{
  "model": "admin.logentry",
  "pk": 441,
  "fields": {
    "action_time": "2024-11-18T18:56:20.800Z",
    "user": 2,
    "content_type": 11,
    "object_id": "3",
    "object_repr": "Rodada object (3)",
    "action_flag": 3,
    "change_message": ""
  }
},
{
  "model": "admin.logentry",
  "pk": 442,
  "fields": {
    "action_time": "2024-11-18T18:56:20.800Z",
    "user": 2,
    "content_type": 11,
    "object_id": "2",
    "object_repr": "Rodada object (2)",
    "action_flag": 3,
    "change_message": ""
  }
},
{
  "model": "admin.logentry",
  "pk": 443,
  "fields": {
    "action_time": "2024-11-18T18:56:20.800Z",
    "user": 2,
    "content_type": 11,
    "object_id": "1",
    "object_repr": "Rodada object (1)",
    "action_flag": 3,
    "change_message": ""
  }
},
{
  "model": "admin.logentry",
  "pk": 444,
  "fields": {
    "action_time": "2024-11-18T19:51:47.182Z",
    "user": 2,
    "content_type": 12,
    "object_id": "7",
    "object_repr": "Corinthias (7)",
    "action_flag": 2,
    "change_message": "[{\"changed\": {\"fields\": [\"Gols contra\", \"Derrota\"]}}]"
  }
},
{
  "model": "auth.permission",
  "pk": 1,
  "fields": {
    "name": "Can add log entry",
    "content_type": 1,
    "codename": "add_logentry"
  }
},
{
  "model": "auth.permission",
  "pk": 2,
  "fields": {
    "name": "Can change log entry",
    "content_type": 1,
    "codename": "change_logentry"
  }
},
{
  "model": "auth.permission",
  "pk": 3,
  "fields": {
    "name": "Can delete log entry",
    "content_type": 1,
    "codename": "delete_logentry"
  }
},
{
  "model": "auth.permission",
  "pk": 4,
  "fields": {
    "name": "Can view log entry",
    "content_type": 1,
    "codename": "view_logentry"
  }
},
{
  "model": "auth.permission",
  "pk": 5,
  "fields": {
    "name": "Can add permission",
    "content_type": 2,
    "codename": "add_permission"
  }
},
{
  "model": "auth.permission",
  "pk": 6,
  "fields": {
    "name": "Can change permission",
    "content_type": 2,
    "codename": "change_permission"
  }
},
{
  "model": "auth.permission",
  "pk": 7,
  "fields": {
    "name": "Can delete permission",
    "content_type": 2,
    "codename": "delete_permission"
  }
},
{
  "model": "auth.permission",
  "pk": 8,
  "fields": {
    "name": "Can view permission",
    "content_type": 2,
    "codename": "view_permission"
  }
},
{
  "model": "auth.permission",
  "pk": 9,
  "fields": {
    "name": "Can add group",
    "content_type": 3,
    "codename": "add_group"
  }
},
{
  "model": "auth.permission",
  "pk": 10,
  "fields": {
    "name": "Can change group",
    "content_type": 3,
    "codename": "change_group"
  }
},
{
  "model": "auth.permission",
  "pk": 11,
  "fields": {
    "name": "Can delete group",
    "content_type": 3,
    "codename": "delete_group"
  }
},
{
  "model": "auth.permission",
  "pk": 12,
  "fields": {
    "name": "Can view group",
    "content_type": 3,
    "codename": "view_group"
  }
},
{
  "model": "auth.permission",
  "pk": 13,
  "fields": {
    "name": "Can add content type",
    "content_type": 4,
    "codename": "add_contenttype"
  }
},
{
  "model": "auth.permission",
  "pk": 14,
  "fields": {
    "name": "Can change content type",
    "content_type": 4,
    "codename": "change_contenttype"
  }
},
{
  "model": "auth.permission",
  "pk": 15,
  "fields": {
    "name": "Can delete content type",
    "content_type": 4,
    "codename": "delete_contenttype"
  }
},
{
  "model": "auth.permission",
  "pk": 16,
  "fields": {
    "name": "Can view content type",
    "content_type": 4,
    "codename": "view_contenttype"
  }
},
{
  "model": "auth.permission",
  "pk": 17,
  "fields": {
    "name": "Can add session",
    "content_type": 5,
    "codename": "add_session"
  }
},
{
  "model": "auth.permission",
  "pk": 18,
  "fields": {
    "name": "Can change session",
    "content_type": 5,
    "codename": "change_session"
  }
},
{
  "model": "auth.permission",
  "pk": 19,
  "fields": {
    "name": "Can delete session",
    "content_type": 5,
    "codename": "delete_session"
  }
},
{
  "model": "auth.permission",
  "pk": 20,
  "fields": {
    "name": "Can view session",
    "content_type": 5,
    "codename": "view_session"
  }
},
{
  "model": "auth.permission",
  "pk": 21,
  "fields": {
    "name": "Can add document",
    "content_type": 6,
    "codename": "add_document"
  }
},
{
  "model": "auth.permission",
  "pk": 22,
  "fields": {
    "name": "Can change document",
    "content_type": 6,
    "codename": "change_document"
  }
},
{
  "model": "auth.permission",
  "pk": 23,
  "fields": {
    "name": "Can delete document",
    "content_type": 6,
    "codename": "delete_document"
  }
},
{
  "model": "auth.permission",
  "pk": 24,
  "fields": {
    "name": "Can view document",
    "content_type": 6,
    "codename": "view_document"
  }
},
{
  "model": "auth.permission",
  "pk": 25,
  "fields": {
    "name": "Can add image",
    "content_type": 7,
    "codename": "add_image"
  }
},
{
  "model": "auth.permission",
  "pk": 26,
  "fields": {
    "name": "Can change image",
    "content_type": 7,
    "codename": "change_image"
  }
},
{
  "model": "auth.permission",
  "pk": 27,
  "fields": {
    "name": "Can delete image",
    "content_type": 7,
    "codename": "delete_image"
  }
},
{
  "model": "auth.permission",
  "pk": 28,
  "fields": {
    "name": "Can view image",
    "content_type": 7,
    "codename": "view_image"
  }
},
{
  "model": "auth.permission",
  "pk": 29,
  "fields": {
    "name": "Can add campeonato",
    "content_type": 8,
    "codename": "add_campeonato"
  }
},
{
  "model": "auth.permission",
  "pk": 30,
  "fields": {
    "name": "Can change campeonato",
    "content_type": 8,
    "codename": "change_campeonato"
  }
},
{
  "model": "auth.permission",
  "pk": 31,
  "fields": {
    "name": "Can delete campeonato",
    "content_type": 8,
    "codename": "delete_campeonato"
  }
},
{
  "model": "auth.permission",
  "pk": 32,
  "fields": {
    "name": "Can view campeonato",
    "content_type": 8,
    "codename": "view_campeonato"
  }
},
{
  "model": "auth.permission",
  "pk": 33,
  "fields": {
    "name": "Can add Usuário",
    "content_type": 9,
    "codename": "add_user"
  }
},
{
  "model": "auth.permission",
  "pk": 34,
  "fields": {
    "name": "Can change Usuário",
    "content_type": 9,
    "codename": "change_user"
  }
},
{
  "model": "auth.permission",
  "pk": 35,
  "fields": {
    "name": "Can delete Usuário",
    "content_type": 9,
    "codename": "delete_user"
  }
},
{
  "model": "auth.permission",
  "pk": 36,
  "fields": {
    "name": "Can view Usuário",
    "content_type": 9,
    "codename": "view_user"
  }
},
{
  "model": "auth.permission",
  "pk": 37,
  "fields": {
    "name": "Can add jogador",
    "content_type": 10,
    "codename": "add_jogador"
  }
},
{
  "model": "auth.permission",
  "pk": 38,
  "fields": {
    "name": "Can change jogador",
    "content_type": 10,
    "codename": "change_jogador"
  }
},
{
  "model": "auth.permission",
  "pk": 39,
  "fields": {
    "name": "Can delete jogador",
    "content_type": 10,
    "codename": "delete_jogador"
  }
},
{
  "model": "auth.permission",
  "pk": 40,
  "fields": {
    "name": "Can view jogador",
    "content_type": 10,
    "codename": "view_jogador"
  }
},
{
  "model": "auth.permission",
  "pk": 41,
  "fields": {
    "name": "Can add rodada",
    "content_type": 11,
    "codename": "add_rodada"
  }
},
{
  "model": "auth.permission",
  "pk": 42,
  "fields": {
    "name": "Can change rodada",
    "content_type": 11,
    "codename": "change_rodada"
  }
},
{
  "model": "auth.permission",
  "pk": 43,
  "fields": {
    "name": "Can delete rodada",
    "content_type": 11,
    "codename": "delete_rodada"
  }
},
{
  "model": "auth.permission",
  "pk": 44,
  "fields": {
    "name": "Can view rodada",
    "content_type": 11,
    "codename": "view_rodada"
  }
},
{
  "model": "auth.permission",
  "pk": 45,
  "fields": {
    "name": "Can add time",
    "content_type": 12,
    "codename": "add_time"
  }
},
{
  "model": "auth.permission",
  "pk": 46,
  "fields": {
    "name": "Can change time",
    "content_type": 12,
    "codename": "change_time"
  }
},
{
  "model": "auth.permission",
  "pk": 47,
  "fields": {
    "name": "Can delete time",
    "content_type": 12,
    "codename": "delete_time"
  }
},
{
  "model": "auth.permission",
  "pk": 48,
  "fields": {
    "name": "Can view time",
    "content_type": 12,
    "codename": "view_time"
  }
},
{
  "model": "auth.permission",
  "pk": 49,
  "fields": {
    "name": "Can add jogo",
    "content_type": 13,
    "codename": "add_jogo"
  }
},
{
  "model": "auth.permission",
  "pk": 50,
  "fields": {
    "name": "Can change jogo",
    "content_type": 13,
    "codename": "change_jogo"
  }
},
{
  "model": "auth.permission",
  "pk": 51,
  "fields": {
    "name": "Can delete jogo",
    "content_type": 13,
    "codename": "delete_jogo"
  }
},
{
  "model": "auth.permission",
  "pk": 52,
  "fields": {
    "name": "Can view jogo",
    "content_type": 13,
    "codename": "view_jogo"
  }
},
{
  "model": "auth.permission",
  "pk": 53,
  "fields": {
    "name": "Can add time jogador",
    "content_type": 14,
    "codename": "add_timejogador"
  }
},
{
  "model": "auth.permission",
  "pk": 54,
  "fields": {
    "name": "Can change time jogador",
    "content_type": 14,
    "codename": "change_timejogador"
  }
},
{
  "model": "auth.permission",
  "pk": 55,
  "fields": {
    "name": "Can delete time jogador",
    "content_type": 14,
    "codename": "delete_timejogador"
  }
},
{
  "model": "auth.permission",
  "pk": 56,
  "fields": {
    "name": "Can view time jogador",
    "content_type": 14,
    "codename": "view_timejogador"
  }
},
{
  "model": "contenttypes.contenttype",
  "pk": 1,
  "fields": {
    "app_label": "admin",
    "model": "logentry"
  }
},
{
  "model": "contenttypes.contenttype",
  "pk": 2,
  "fields": {
    "app_label": "auth",
    "model": "permission"
  }
},
{
  "model": "contenttypes.contenttype",
  "pk": 3,
  "fields": {
    "app_label": "auth",
    "model": "group"
  }
},
{
  "model": "contenttypes.contenttype",
  "pk": 4,
  "fields": {
    "app_label": "contenttypes",
    "model": "contenttype"
  }
},
{
  "model": "contenttypes.contenttype",
  "pk": 5,
  "fields": {
    "app_label": "sessions",
    "model": "session"
  }
},
{
  "model": "contenttypes.contenttype",
  "pk": 6,
  "fields": {
    "app_label": "uploader",
    "model": "document"
  }
},
{
  "model": "contenttypes.contenttype",
  "pk": 7,
  "fields": {
    "app_label": "uploader",
    "model": "image"
  }
},
{
  "model": "contenttypes.contenttype",
  "pk": 8,
  "fields": {
    "app_label": "core",
    "model": "campeonato"
  }
},
{
  "model": "contenttypes.contenttype",
  "pk": 9,
  "fields": {
    "app_label": "core",
    "model": "user"
  }
},
{
  "model": "contenttypes.contenttype",
  "pk": 10,
  "fields": {
    "app_label": "core",
    "model": "jogador"
  }
},
{
  "model": "contenttypes.contenttype",
  "pk": 11,
  "fields": {
    "app_label": "core",
    "model": "rodada"
  }
},
{
  "model": "contenttypes.contenttype",
  "pk": 12,
  "fields": {
    "app_label": "core",
    "model": "time"
  }
},
{
  "model": "contenttypes.contenttype",
  "pk": 13,
  "fields": {
    "app_label": "core",
    "model": "jogo"
  }
},
{
  "model": "contenttypes.contenttype",
  "pk": 14,
  "fields": {
    "app_label": "core",
    "model": "timejogador"
  }
},
{
  "model": "sessions.session",
  "pk": "ahu4slbbf7bi1olc1uz020qqyumlxuc0",
  "fields": {
    "session_data": ".eJxVjMEOwiAQRP-FsyEVWGA9evcbyAKLVA1NSnsy_rtt0oMmc5r3Zt4i0LrUsHaew5jFRShx-u0ipSe3HeQHtfsk09SWeYxyV-RBu7xNmV_Xw_07qNTrtnYaDBVzZoiYnI2I0Vir0Q_ACAwFSDMzZrRWAbgtxSpNPhWX_JDF5wvQrjd7:1tBIEE:lJhL0LYXOESqy6woFAjctNLjInIOr5d0SkqtXT42jw0",
    "expire_date": "2024-11-27T18:36:34.702Z"
  }
},
{
  "model": "sessions.session",
  "pk": "n6r8kh68at6jfiitcnlko0rynenvxjbj",
  "fields": {
    "session_data": ".eJxVjMsOwiAQRf-FtSFAeRSX7v0GAjODVA0kpV0Z_11JutDdzT0n58VC3LcS9k5rWJCdmWSn3y9FeFAdAO-x3hqHVrd1SXwo_KCdXxvS83K4f4ESexnZ2QmYJE5I0niaVVLkU7RkTHbfCSJmZSFnQeA9ktPKEBJ6q7UxGtn7A_FVOHo:1t90QW:_DY75PXL_Eqa-QUlc-r3TXGc0HNBF0ZJLdbkGPdEWPw",
    "expire_date": "2024-11-21T11:11:48.196Z"
  }
},
{
  "model": "sessions.session",
  "pk": "ojnlfixenkf7192cyg6e3l97k5h6dxh5",
  "fields": {
    "session_data": ".eJxVjMsOwiAQRf-FtSFAeRSX7v0GAjODVA0kpV0Z_11JutDdzT0n58VC3LcS9k5rWJCdmWSn3y9FeFAdAO-x3hqHVrd1SXwo_KCdXxvS83K4f4ESexnZ2QmYJE5I0niaVVLkU7RkTHbfCSJmZSFnQeA9ktPKEBJ6q7UxGtn7A_FVOHo:1t97eo:UIn9pQopo4KdIb-t76d5dBgPdjF05I-coireNgCY488",
    "expire_date": "2024-11-21T18:55:02.400Z"
  }
},
{
  "model": "sessions.session",
  "pk": "syi02b8fqghnyga490sa9j9sac4657gf",
  "fields": {
    "session_data": ".eJxVjMsOwiAQRf-FtSFAeRSX7v0GAjODVA0kpV0Z_11JutDdzT0n58VC3LcS9k5rWJCdmWSn3y9FeFAdAO-x3hqHVrd1SXwo_KCdXxvS83K4f4ESexnZ2QmYJE5I0niaVVLkU7RkTHbfCSJmZSFnQeA9ktPKEBJ6q7UxGtn7A_FVOHo:1t91tF:0ToCjPhK0Gsy1AXw02wcopZn44SDXtY9YzMODC0FgFY",
    "expire_date": "2024-11-21T12:45:33.824Z"
  }
},
{
  "model": "sessions.session",
  "pk": "tvqi52y0fr9yfw6mf4l17hgu4g1acd3v",
  "fields": {
    "session_data": ".eJxVjMsOwiAQRf-FtSFAeRSX7v0GAjODVA0kpV0Z_11JutDdzT0n58VC3LcS9k5rWJCdmWSn3y9FeFAdAO-x3hqHVrd1SXwo_KCdXxvS83K4f4ESexnZ2QmYJE5I0niaVVLkU7RkTHbfCSJmZSFnQeA9ktPKEBJ6q7UxGtn7A_FVOHo:1tApAF:m5tCDAlEsOF5cNwXOXhA0ya90iTza_FaAmUbt9x0BKI",
    "expire_date": "2024-11-26T11:34:31.879Z"
  }
},
{
  "model": "uploader.image",
  "pk": 9,
  "fields": {
    "attachment_key": "8ca11bcc-011b-4256-8eef-2b05949fa06c",
    "public_id": "ae71f3d4-54ff-476b-b854-b6d0610099d6",
    "file": "images/ae71f3d4-54ff-476b-b854-b6d0610099d6.png",
    "description": "botafogo",
    "uploaded_on": "2024-11-07T13:00:21.414Z"
  }
},
{
  "model": "uploader.image",
  "pk": 10,
  "fields": {
    "attachment_key": "cb7c0134-04ec-480d-9c7b-2bc4b3198e87",
    "public_id": "7c4230cb-ef0b-4ff6-9607-8d611527b9b0",
    "file": "images/7c4230cb-ef0b-4ff6-9607-8d611527b9b0.png",
    "description": "sao paulo",
    "uploaded_on": "2024-11-07T13:08:12.385Z"
  }
},
{
  "model": "uploader.image",
  "pk": 11,
  "fields": {
    "attachment_key": "f9fadc75-e277-42bc-83dd-a45ad82b7af7",
    "public_id": "cf3464dd-4676-46e8-a0c4-d2a2e2d71609",
    "file": "images/cf3464dd-4676-46e8-a0c4-d2a2e2d71609.png",
    "description": "corinthians",
    "uploaded_on": "2024-11-07T13:08:38.808Z"
  }
},
{
  "model": "uploader.image",
  "pk": 12,
  "fields": {
    "attachment_key": "2accaf89-bf07-45d2-8333-eb4e449a9b9d",
    "public_id": "adb9122b-23cb-4f2d-b4b6-e7f055285293",
    "file": "images/adb9122b-23cb-4f2d-b4b6-e7f055285293.png",
    "description": "palmeiras",
    "uploaded_on": "2024-11-07T13:09:00.849Z"
  }
},
{
  "model": "uploader.image",
  "pk": 13,
  "fields": {
    "attachment_key": "f346f771-3a3a-484b-a327-e4d876301ea2",
    "public_id": "5c65f946-2e76-4973-ba10-bf3f916aa05c",
    "file": "images/5c65f946-2e76-4973-ba10-bf3f916aa05c.png",
    "description": "paranaense",
    "uploaded_on": "2024-11-07T13:09:40.383Z"
  }
},
{
  "model": "uploader.image",
  "pk": 14,
  "fields": {
    "attachment_key": "35869fc9-ff19-4716-871e-8d389b268318",
    "public_id": "097df587-6ac6-4be7-aeab-1087c7e66bde",
    "file": "images/097df587-6ac6-4be7-aeab-1087c7e66bde.png",
    "description": "jec",
    "uploaded_on": "2024-11-07T13:10:25.933Z"
  }
},
{
  "model": "uploader.image",
  "pk": 15,
  "fields": {
    "attachment_key": "32717a02-019c-42b5-871f-7c57d0c6f707",
    "public_id": "605a92ec-4e7d-475c-9939-00d819073a63",
    "file": "images/605a92ec-4e7d-475c-9939-00d819073a63.png",
    "description": "cruzeiro",
    "uploaded_on": "2024-11-07T13:10:43.402Z"
  }
},
{
  "model": "uploader.image",
  "pk": 16,
  "fields": {
    "attachment_key": "04fb02a1-584b-463f-bc53-0f74d34256ba",
    "public_id": "8f7d4be7-92e3-4e48-b330-76cecea9d9e9",
    "file": "images/8f7d4be7-92e3-4e48-b330-76cecea9d9e9.png",
    "description": "flamengo",
    "uploaded_on": "2024-11-07T13:10:55.420Z"
  }
},
{
  "model": "uploader.image",
  "pk": 17,
  "fields": {
    "attachment_key": "1d369fa8-7250-4f49-9b3b-4cc91e6f0c9b",
    "public_id": "2f74034a-ff7d-4b43-88d3-255b23a4312e",
    "file": "images/2f74034a-ff7d-4b43-88d3-255b23a4312e_mejUV3p.png",
    "description": "mineiro",
    "uploaded_on": "2024-11-07T13:13:17.065Z"
  }
},
{
  "model": "uploader.image",
  "pk": 18,
  "fields": {
    "attachment_key": "cb229f63-da4b-43ec-9e02-b7d083b0ce9b",
    "public_id": "7fc07d9c-353b-4371-ba7b-7be6d63e188f",
    "file": "images/7fc07d9c-353b-4371-ba7b-7be6d63e188f.jpg",
    "description": "gabi",
    "uploaded_on": "2024-11-08T11:47:36.249Z"
  }
},
{
  "model": "uploader.image",
  "pk": 19,
  "fields": {
    "attachment_key": "3ccfe3f2-5e44-4869-af69-e78b032be620",
    "public_id": "2df45124-8326-4b9c-8fe9-97870d32c668",
    "file": "images/2df45124-8326-4b9c-8fe9-97870d32c668",
    "description": "rossi",
    "uploaded_on": "2024-11-08T11:47:56.681Z"
  }
},
{
  "model": "uploader.image",
  "pk": 20,
  "fields": {
    "attachment_key": "5e61014b-0829-4377-a45c-7b4eb554c6f9",
    "public_id": "124ba557-8265-4cb9-97c0-1e19c00aa91b",
    "file": "images/124ba557-8265-4cb9-97c0-1e19c00aa91b.jpg",
    "description": "julio ces",
    "uploaded_on": "2024-11-08T11:48:19.587Z"
  }
},
{
  "model": "uploader.image",
  "pk": 21,
  "fields": {
    "attachment_key": "1d591bb5-e644-434b-acc2-4a72cdbba218",
    "public_id": "a43a7cd3-43da-455e-a57d-d437184978c5",
    "file": "images/a43a7cd3-43da-455e-a57d-d437184978c5.jpg",
    "description": "pedro",
    "uploaded_on": "2024-11-08T11:48:49.359Z"
  }
},
{
  "model": "uploader.image",
  "pk": 22,
  "fields": {
    "attachment_key": "d7f1e3d6-5161-4c82-a403-21a643599505",
    "public_id": "061d8cdd-8b5e-4208-8d15-098518dd64ba",
    "file": "images/061d8cdd-8b5e-4208-8d15-098518dd64ba.jpg",
    "description": "wesley",
    "uploaded_on": "2024-11-08T11:49:18.961Z"
  }
},
{
  "model": "uploader.image",
  "pk": 23,
  "fields": {
    "attachment_key": "8b807c2b-34bb-4e8e-9e99-12e0d89dc95c",
    "public_id": "f973d3f1-b705-46c2-95eb-885edd24f2db",
    "file": "images/f973d3f1-b705-46c2-95eb-885edd24f2db.jpg",
    "description": "gerson",
    "uploaded_on": "2024-11-08T11:49:37.898Z"
  }
},
{
  "model": "uploader.image",
  "pk": 24,
  "fields": {
    "attachment_key": "1e83bba2-ec20-4bdb-9851-b3e645e64899",
    "public_id": "db765bf5-5e0f-44f8-9b72-60cee2aeec95",
    "file": "images/db765bf5-5e0f-44f8-9b72-60cee2aeec95.jpg",
    "description": "cassio",
    "uploaded_on": "2024-11-08T11:50:13.597Z"
  }
},
{
  "model": "uploader.image",
  "pk": 25,
  "fields": {
    "attachment_key": "cc4984a8-e511-4901-989a-7a10f6f05d57",
    "public_id": "7ef26051-bb20-4de3-b3be-597d8641acce",
    "file": "images/7ef26051-bb20-4de3-b3be-597d8641acce.jpg",
    "description": "miguel",
    "uploaded_on": "2024-11-08T11:50:41.489Z"
  }
},
{
  "model": "uploader.image",
  "pk": 26,
  "fields": {
    "attachment_key": "4a81bbc0-9b94-4010-93fa-ba7d32d8bc4e",
    "public_id": "e84d5f74-9444-495e-aa76-270d907188cc",
    "file": "images/e84d5f74-9444-495e-aa76-270d907188cc.jpg",
    "description": "fagner",
    "uploaded_on": "2024-11-08T11:51:04.567Z"
  }
},
{
  "model": "uploader.image",
  "pk": 27,
  "fields": {
    "attachment_key": "0bd576c6-5962-4b6b-8350-d3edd2087966",
    "public_id": "70382193-032f-4fa5-8247-765215439c7e",
    "file": "images/70382193-032f-4fa5-8247-765215439c7e.jpg",
    "description": "gil",
    "uploaded_on": "2024-11-08T11:51:45.839Z"
  }
},
{
  "model": "uploader.image",
  "pk": 28,
  "fields": {
    "attachment_key": "e19eab8f-914d-4ff3-be0d-0ffe385c08e8",
    "public_id": "bd634aae-132b-41aa-bdbb-b163a8297b49",
    "file": "images/bd634aae-132b-41aa-bdbb-b163a8297b49.jpg",
    "description": "renato augusto",
    "uploaded_on": "2024-11-08T11:52:41.538Z"
  }
},
{
  "model": "uploader.image",
  "pk": 29,
  "fields": {
    "attachment_key": "970604f5-c5a5-47f3-af8e-7e35fb88a583",
    "public_id": "48526edb-0598-4d95-ab0e-0f39eafd9044",
    "file": "images/48526edb-0598-4d95-ab0e-0f39eafd9044.jpg",
    "description": "roger guedes",
    "uploaded_on": "2024-11-08T11:53:07.599Z"
  }
},
{
  "model": "uploader.image",
  "pk": 30,
  "fields": {
    "attachment_key": "a034eac6-9cee-4bc3-9d99-6250bed98614",
    "public_id": "96b82eda-f1c1-44b5-a241-b3445cb61f60",
    "file": "images/96b82eda-f1c1-44b5-a241-b3445cb61f60.jpg",
    "description": "yuri alberto",
    "uploaded_on": "2024-11-08T11:53:51.426Z"
  }
},
{
  "model": "uploader.image",
  "pk": 31,
  "fields": {
    "attachment_key": "d5df9b4f-b671-4c03-8cbb-5c9ad9564170",
    "public_id": "f2969908-03c7-4922-83b6-d9011427c33d",
    "file": "images/f2969908-03c7-4922-83b6-d9011427c33d.png",
    "description": "depay",
    "uploaded_on": "2024-11-08T11:54:07.060Z"
  }
},
{
  "model": "uploader.image",
  "pk": 32,
  "fields": {
    "attachment_key": "f4dc4ae3-7bfb-4f0e-9a03-50cac3e1ef02",
    "public_id": "0994a69a-3eec-435b-a770-1db681beb00b",
    "file": "images/0994a69a-3eec-435b-a770-1db681beb00b.png",
    "description": "hulk",
    "uploaded_on": "2024-11-08T12:41:48.098Z"
  }
},
{
  "model": "uploader.image",
  "pk": 33,
  "fields": {
    "attachment_key": "ee39e683-a50a-442b-9b82-6e4502f19bfa",
    "public_id": "8607efe1-51ea-47a7-a9aa-f0aeca85767c",
    "file": "images/8607efe1-51ea-47a7-a9aa-f0aeca85767c.jpg",
    "description": "scarpa",
    "uploaded_on": "2024-11-08T12:42:17.428Z"
  }
},
{
  "model": "uploader.image",
  "pk": 34,
  "fields": {
    "attachment_key": "9f2f09a3-5440-423c-82c0-1317d5a71b1b",
    "public_id": "baabda34-aad9-4a7c-a1f0-cd454f183893",
    "file": "images/baabda34-aad9-4a7c-a1f0-cd454f183893.png",
    "description": "igor jesus",
    "uploaded_on": "2024-11-12T11:40:51.592Z"
  }
},
{
  "model": "uploader.image",
  "pk": 35,
  "fields": {
    "attachment_key": "b79ed42e-b13d-43ba-9ce3-e74685090d7d",
    "public_id": "9839a7bd-04ec-45da-8179-5e769458f7bb",
    "file": "images/9839a7bd-04ec-45da-8179-5e769458f7bb",
    "description": "Tiquinho Soares",
    "uploaded_on": "2024-11-12T12:21:27.969Z"
  }
},
{
  "model": "uploader.image",
  "pk": 36,
  "fields": {
    "attachment_key": "d1e257f4-e5c9-41b1-bc7e-e929c2a593b2",
    "public_id": "00866272-bb42-4791-a48b-18e6d26493f0",
    "file": "images/00866272-bb42-4791-a48b-18e6d26493f0",
    "description": "Marçal",
    "uploaded_on": "2024-11-12T12:22:21.320Z"
  }
},
{
  "model": "uploader.image",
  "pk": 37,
  "fields": {
    "attachment_key": "ff9c41b6-8344-4824-8c61-81d1971409d6",
    "public_id": "8843d8ca-27da-4e35-85be-2eda3564b871",
    "file": "images/8843d8ca-27da-4e35-85be-2eda3564b871",
    "description": "Lucas Perri",
    "uploaded_on": "2024-11-12T12:22:37.316Z"
  }
},
{
  "model": "uploader.image",
  "pk": 38,
  "fields": {
    "attachment_key": "efdcea3b-9a27-425a-b666-89a3ab3efeeb",
    "public_id": "f5965d96-ad58-4770-8c09-795dc836aa87",
    "file": "images/f5965d96-ad58-4770-8c09-795dc836aa87.jpg",
    "description": "Fabricio Bruno",
    "uploaded_on": "2024-11-12T12:22:53.502Z"
  }
},
{
  "model": "uploader.image",
  "pk": 39,
  "fields": {
    "attachment_key": "d3b6a836-6fc1-45fe-9736-35332da70f80",
    "public_id": "26912be2-9be8-4fc4-99f4-ec6639310199",
    "file": "images/26912be2-9be8-4fc4-99f4-ec6639310199.jpg",
    "description": "Rodrigo Caio",
    "uploaded_on": "2024-11-12T12:23:07.483Z"
  }
},
{
  "model": "uploader.image",
  "pk": 40,
  "fields": {
    "attachment_key": "f4fe1f22-0cc3-4018-966b-4b7f99490ff2",
    "public_id": "2fe9938a-6077-420a-ae98-1d68aba41df1",
    "file": "images/2fe9938a-6077-420a-ae98-1d68aba41df1",
    "description": "Adryelson",
    "uploaded_on": "2024-11-12T12:23:23.326Z"
  }
},
{
  "model": "uploader.image",
  "pk": 41,
  "fields": {
    "attachment_key": "64a537b9-79df-4b18-9f0b-838c9eb276ac",
    "public_id": "a0f7f4ce-9690-4bf0-a23f-d07090f4371b",
    "file": "images/a0f7f4ce-9690-4bf0-a23f-d07090f4371b",
    "description": "Luis Henrique",
    "uploaded_on": "2024-11-12T12:24:58.479Z"
  }
},
{
  "model": "uploader.image",
  "pk": 42,
  "fields": {
    "attachment_key": "2e867b08-94a5-4953-b80e-aa9a776e32e5",
    "public_id": "e01a217d-4eb0-4f47-8c35-2e9b56a936f5",
    "file": "images/e01a217d-4eb0-4f47-8c35-2e9b56a936f5.png",
    "description": "Gatito",
    "uploaded_on": "2024-11-12T12:25:13.105Z"
  }
},
{
  "model": "uploader.image",
  "pk": 43,
  "fields": {
    "attachment_key": "d460f0d1-b3d3-45d7-b5fe-3211b72e2647",
    "public_id": "ca85e9c0-a7ef-4b4c-ac67-a6e109448257",
    "file": "images/ca85e9c0-a7ef-4b4c-ac67-a6e109448257.jpg",
    "description": "John",
    "uploaded_on": "2024-11-12T12:25:32.383Z"
  }
},
{
  "model": "uploader.image",
  "pk": 44,
  "fields": {
    "attachment_key": "2b05c359-7aca-4169-ab24-f5a6c3bfe946",
    "public_id": "0285288a-389d-418e-b717-515b35393697",
    "file": "images/0285288a-389d-418e-b717-515b35393697.jpg",
    "description": "Weverton",
    "uploaded_on": "2024-11-12T12:25:49.724Z"
  }
},
{
  "model": "core.user",
  "pk": 2,
  "fields": {
    "password": "pbkdf2_sha256$870000$2Qp3yYWsh45kS7JbOdZDP4$IzV0JHOPc/suc/uoL+gAcoKQF0rUwYuB2yLj1a1n4ZU=",
    "last_login": "2024-11-13T18:36:34.698Z",
    "is_superuser": true,
    "passage_id": "",
    "email": "admin@admin.com",
    "name": "",
    "is_active": true,
    "is_staff": true,
    "groups": [],
    "user_permissions": []
  }
},
{
  "model": "core.campeonato",
  "pk": 1,
  "fields": {
    "nome": "Copão",
    "ano": 2024,
    "mata_mata": false
  }
},
{
  "model": "core.time",
  "pk": 1,
  "fields": {
    "nome": "Botafogo",
    "gols_pro": 0,
    "gols_contra": 0,
    "vitoria": 0,
    "empate": 0,
    "derrota": 0,
    "pontos": 0,
    "campeonato": 1,
    "escudo": 9
  }
},
{
  "model": "core.time",
  "pk": 2,
  "fields": {
    "nome": "Flamengo",
    "gols_pro": 0,
    "gols_contra": 0,
    "vitoria": 0,
    "empate": 0,
    "derrota": 0,
    "pontos": 0,
    "campeonato": 1,
    "escudo": 16
  }
},
{
  "model": "core.time",
  "pk": 3,
  "fields": {
    "nome": "Cruzeiro",
    "gols_pro": 0,
    "gols_contra": 0,
    "vitoria": 0,
    "empate": 0,
    "derrota": 0,
    "pontos": 0,
    "campeonato": 1,
    "escudo": 15
  }
},
{
  "model": "core.time",
  "pk": 4,
  "fields": {
    "nome": "Joinville",
    "gols_pro": 0,
    "gols_contra": 0,
    "vitoria": 0,
    "empate": 0,
    "derrota": 0,
    "pontos": 0,
    "campeonato": 1,
    "escudo": 14
  }
},
{
  "model": "core.time",
  "pk": 6,
  "fields": {
    "nome": "Palmeiras",
    "gols_pro": 0,
    "gols_contra": 0,
    "vitoria": 0,
    "empate": 0,
    "derrota": 0,
    "pontos": 0,
    "campeonato": 1,
    "escudo": 12
  }
},
{
  "model": "core.time",
  "pk": 7,
  "fields": {
    "nome": "Corinthias",
    "gols_pro": 0,
    "gols_contra": 0,
    "vitoria": 0,
    "empate": 0,
    "derrota": 0,
    "pontos": 0,
    "campeonato": 1,
    "escudo": 11
  }
},
{
  "model": "core.time",
  "pk": 8,
  "fields": {
    "nome": "São Paulo",
    "gols_pro": 0,
    "gols_contra": 0,
    "vitoria": 0,
    "empate": 0,
    "derrota": 0,
    "pontos": 0,
    "campeonato": 1,
    "escudo": 10
  }
},
{
  "model": "core.time",
  "pk": 9,
  "fields": {
    "nome": "atletico mineiro",
    "gols_pro": 0,
    "gols_contra": 0,
    "vitoria": 0,
    "empate": 0,
    "derrota": 0,
    "pontos": 0,
    "campeonato": 1,
    "escudo": 17
  }
},
{
  "model": "core.rodada",
  "pk": 6,
  "fields": {
    "numero_rodada": 1,
    "campeonato": 1
  }
},
{
  "model": "core.rodada",
  "pk": 7,
  "fields": {
    "numero_rodada": 1,
    "campeonato": 1
  }
},
{
  "model": "core.rodada",
  "pk": 8,
  "fields": {
    "numero_rodada": 2,
    "campeonato": 1
  }
},
{
  "model": "core.rodada",
  "pk": 9,
  "fields": {
    "numero_rodada": 3,
    "campeonato": 1
  }
},
{
  "model": "core.rodada",
  "pk": 10,
  "fields": {
    "numero_rodada": 4,
    "campeonato": 1
  }
},
{
  "model": "core.rodada",
  "pk": 11,
  "fields": {
    "numero_rodada": 5,
    "campeonato": 1
  }
},
{
  "model": "core.jogo",
  "pk": 76,
  "fields": {
    "data": "2012-12-12",
    "horario": "12:12:00",
    "endereco": "quadra",
    "rodada": 6,
    "time_mandante": 1,
    "time_visitante": 2,
    "gols": [
      {
        "id": 1,
        "jogador": 8,
        "time": 1,
        "gol_pro": true
      },
      {
        "id": 2,
        "jogador": 8,
        "time": 1,
        "gol_pro": true
      }
    ],
    "vencedor": 1,
    "cartoes": "",
    "tipo_jogo": "GP"
  }
},
{
  "model": "core.jogo",
  "pk": 77,
  "fields": {
    "data": "0121-12-12",
    "horario": "12:21:00",
    "endereco": "q",
    "rodada": 6,
    "time_mandante": 3,
    "time_visitante": 1,
    "gols": [
      {
        "id": 1,
        "jogador": 9,
        "time": 1,
        "gol_pro": true
      }
    ],
    "vencedor": 1,
    "cartoes": "",
    "tipo_jogo": "GP"
  }
},
{
  "model": "core.jogo",
  "pk": 78,
  "fields": {
    "data": "0013-02-13",
    "horario": "12:22:00",
    "endereco": "quadra",
    "rodada": 6,
    "time_mandante": 3,
    "time_visitante": 1,
    "gols": [
      {
        "id": 1,
        "jogador": 7,
        "time": 1,
        "gol_pro": true
      },
      {
        "id": 2,
        "jogador": 7,
        "time": 1,
        "gol_pro": true
      },
      {
        "id": 3,
        "jogador": 7,
        "time": 1,
        "gol_pro": true
      }
    ],
    "vencedor": 1,
    "cartoes": "",
    "tipo_jogo": "GP"
  }
},
{
  "model": "core.jogo",
  "pk": 79,
  "fields": {
    "data": "2022-12-12",
    "horario": "12:00:00",
    "endereco": null,
    "rodada": 11,
    "time_mandante": 1,
    "time_visitante": 4,
    "gols": null,
    "vencedor": null,
    "cartoes": null,
    "tipo_jogo": "SF"
  }
},
{
  "model": "core.jogo",
  "pk": 80,
  "fields": {
    "data": "2022-12-12",
    "horario": "12:00:00",
    "endereco": null,
    "rodada": 11,
    "time_mandante": 2,
    "time_visitante": 3,
    "gols": null,
    "vencedor": null,
    "cartoes": null,
    "tipo_jogo": "SF"
  }
},
{
  "model": "core.jogador",
  "pk": 1,
  "fields": {
    "nome": "Gabriel Barbosa",
    "idade": 28,
    "email": "gabigoldopiruzinho@HOTmail.com",
    "numero": 99,
    "foto": 18,
    "posicao": "4"
  }
},
{
  "model": "core.jogador",
  "pk": 2,
  "fields": {
    "nome": "Rossi",
    "idade": 31,
    "email": "goleirodoflamengo@gmail.com",
    "numero": 1,
    "foto": 19,
    "posicao": "1"
  }
},
{
  "model": "core.jogador",
  "pk": 3,
  "fields": {
    "nome": "Julio Cesar",
    "idade": 55,
    "email": "goleiroaposentadodoflamengo@gmail.com",
    "numero": 12,
    "foto": 20,
    "posicao": "1"
  }
},
{
  "model": "core.jogador",
  "pk": 4,
  "fields": {
    "nome": "Pedro Queixos",
    "idade": 25,
    "email": "queixadadasilva@gmail.com",
    "numero": 9,
    "foto": 21,
    "posicao": "4"
  }
},
{
  "model": "core.jogador",
  "pk": 5,
  "fields": {
    "nome": "Wesley",
    "idade": 21,
    "email": "wesleydasilva@gmail.com",
    "numero": 2,
    "foto": 22,
    "posicao": "3"
  }
},
{
  "model": "core.jogador",
  "pk": 6,
  "fields": {
    "nome": "Gerson",
    "idade": 26,
    "email": "gersinhoespancaxota.com@HOTmail.com",
    "numero": 8,
    "foto": 23,
    "posicao": "3"
  }
},
{
  "model": "core.jogador",
  "pk": 7,
  "fields": {
    "nome": "Igor Jesus",
    "idade": 20,
    "email": "paidomineiro@gmail.com",
    "numero": 10,
    "foto": 34,
    "posicao": "4"
  }
},
{
  "model": "core.jogador",
  "pk": 8,
  "fields": {
    "nome": "Tiquinho Soares",
    "idade": 31,
    "email": "soaresdasivlaljunior@gmail.com",
    "numero": 99,
    "foto": 35,
    "posicao": "4"
  }
},
{
  "model": "core.jogador",
  "pk": 9,
  "fields": {
    "nome": "Marçal",
    "idade": 48,
    "email": "sorrisinhopracamera2023@gmail.com",
    "numero": 66,
    "foto": 36,
    "posicao": "2"
  }
},
{
  "model": "core.jogador",
  "pk": 10,
  "fields": {
    "nome": "Lucas Perri",
    "idade": 26,
    "email": "perridasilva@gmail.com",
    "numero": 43,
    "foto": 37,
    "posicao": "3"
  }
},
{
  "model": "core.jogador",
  "pk": 11,
  "fields": {
    "nome": "Fabricio Bruno",
    "idade": 29,
    "email": "flashdasilva@gmail.com",
    "numero": 3,
    "foto": 38,
    "posicao": "2"
  }
},
{
  "model": "core.jogador",
  "pk": 12,
  "fields": {
    "nome": "Rodrigo Caio",
    "idade": 25,
    "email": "administradordodm@gmail.com",
    "numero": 3,
    "foto": 39,
    "posicao": "2"
  }
},
{
  "model": "core.jogador",
  "pk": 13,
  "fields": {
    "nome": "Adryelson",
    "idade": 35,
    "email": "zagueiro@gmail.com",
    "numero": 3,
    "foto": 40,
    "posicao": "2"
  }
},
{
  "model": "core.jogador",
  "pk": 14,
  "fields": {
    "nome": "Luis Henrique",
    "idade": 24,
    "email": "corredor@gmail.com",
    "numero": 21,
    "foto": 41,
    "posicao": "3"
  }
},
{
  "model": "core.jogador",
  "pk": 15,
  "fields": {
    "nome": "Gatito Fernandes",
    "idade": 80,
    "email": "goleirodobotafogo@gmail.com",
    "numero": 1,
    "foto": 42,
    "posicao": "1"
  }
},
{
  "model": "core.jogador",
  "pk": 16,
  "fields": {
    "nome": "John",
    "idade": 39,
    "email": "goleirobotafogo2@gmail.com",
    "numero": 33,
    "foto": 43,
    "posicao": "1"
  }
},
{
  "model": "core.jogador",
  "pk": 17,
  "fields": {
    "nome": "Weverton",
    "idade": 28,
    "email": "wevertonpalmeiras@gmail.com",
    "numero": 1,
    "foto": 44,
    "posicao": "1"
  }
},
{
  "model": "core.jogador",
  "pk": 18,
  "fields": {
    "nome": "Marcelo Lomba",
    "idade": 23,
    "email": "goleiro22@gmail.com",
    "numero": 2,
    "foto": null,
    "posicao": "1"
  }
},
{
  "model": "core.jogador",
  "pk": 19,
  "fields": {
    "nome": "Gustavo Gomez",
    "idade": 26,
    "email": "zagueiroviado@gmail.com",
    "numero": 3,
    "foto": null,
    "posicao": "2"
  }
},
{
  "model": "core.jogador",
  "pk": 20,
  "fields": {
    "nome": "Murilo",
    "idade": 23,
    "email": "zagueiroviado2@gmail.com",
    "numero": 5,
    "foto": null,
    "posicao": "2"
  }
},
{
  "model": "core.jogador",
  "pk": 21,
  "fields": {
    "nome": "Piquerez",
    "idade": 23,
    "email": "lateralfilhodaputa@gmail.com",
    "numero": 4,
    "foto": null,
    "posicao": "3"
  }
},
{
  "model": "core.jogador",
  "pk": 22,
  "fields": {
    "nome": "Zé Rafael",
    "idade": 28,
    "email": "volantedebosta@gmail.com",
    "numero": 5,
    "foto": null,
    "posicao": "3"
  }
},
{
  "model": "core.jogador",
  "pk": 23,
  "fields": {
    "nome": "Rony",
    "idade": 24,
    "email": "notificacaotelefoneronybicicleta2024highlitghs@gmail.com",
    "numero": 99,
    "foto": null,
    "posicao": "4"
  }
},
{
  "model": "core.jogador",
  "pk": 24,
  "fields": {
    "nome": "Raphael Veiga",
    "idade": 27,
    "email": "meiocampisstaviadodocaralho@gmail.com",
    "numero": 10,
    "foto": null,
    "posicao": "4"
  }
},
{
  "model": "core.jogador",
  "pk": 25,
  "fields": {
    "nome": "Rafael Cabral",
    "idade": 19,
    "email": "goleirorcruzeiro@gmail.com",
    "numero": 1,
    "foto": null,
    "posicao": "1"
  }
},
{
  "model": "core.jogador",
  "pk": 26,
  "fields": {
    "nome": "Andersson",
    "idade": 23,
    "email": "anderson@gmail.com",
    "numero": 12,
    "foto": null,
    "posicao": "1"
  }
},
{
  "model": "core.jogador",
  "pk": 27,
  "fields": {
    "nome": "Lucas Oliveira",
    "idade": 28,
    "email": "lateralviado@gmail.com",
    "numero": 2,
    "foto": null,
    "posicao": "2"
  }
},
{
  "model": "core.jogador",
  "pk": 28,
  "fields": {
    "nome": "Marcos Neris",
    "idade": 33,
    "email": "zagueirinho@gmail.com",
    "numero": 3,
    "foto": null,
    "posicao": "2"
  }
},
{
  "model": "core.jogador",
  "pk": 29,
  "fields": {
    "nome": "William",
    "idade": 25,
    "email": "william@gmail.com",
    "numero": 28,
    "foto": null,
    "posicao": "3"
  }
},
{
  "model": "core.jogador",
  "pk": 31,
  "fields": {
    "nome": "Mateus Vital",
    "idade": 26,
    "email": "eumateusvitalviado@gmail.com",
    "numero": 8,
    "foto": null,
    "posicao": "3"
  }
},
{
  "model": "core.jogador",
  "pk": 32,
  "fields": {
    "nome": "Gilberto",
    "idade": 59,
    "email": "gordinhodasilv@gmail.com",
    "numero": 9,
    "foto": null,
    "posicao": "4"
  }
},
{
  "model": "core.jogador",
  "pk": 33,
  "fields": {
    "nome": "Matheus Pereira",
    "idade": 24,
    "email": "matheuspereira@gmail.com",
    "numero": 10,
    "foto": null,
    "posicao": "4"
  }
},
{
  "model": "core.jogador",
  "pk": 34,
  "fields": {
    "nome": "Matheus",
    "idade": 35,
    "email": "matheusgoleirodojecoficial@gmail.com",
    "numero": 7,
    "foto": null,
    "posicao": "1"
  }
},
{
  "model": "core.jogador",
  "pk": 35,
  "fields": {
    "nome": "Pato",
    "idade": 29,
    "email": "patogoleirogoleirojecjec@gmail.com",
    "numero": 1,
    "foto": null,
    "posicao": "1"
  }
},
{
  "model": "core.jogador",
  "pk": 36,
  "fields": {
    "nome": "Anjinho",
    "idade": 33,
    "email": "pipipi@gmail.com",
    "numero": 2,
    "foto": null,
    "posicao": "2"
  }
},
{
  "model": "core.jogador",
  "pk": 37,
  "fields": {
    "nome": "Ernani",
    "idade": 37,
    "email": "ernani@gmail.com",
    "numero": 3,
    "foto": null,
    "posicao": "2"
  }
},
{
  "model": "core.jogador",
  "pk": 38,
  "fields": {
    "nome": "Xuxa",
    "idade": 21,
    "email": "xuxinhadasilva@gmail.com",
    "numero": 4,
    "foto": null,
    "posicao": "3"
  }
},
{
  "model": "core.jogador",
  "pk": 39,
  "fields": {
    "nome": "Pedro Rei",
    "idade": 91,
    "email": "reidasilva@gmail.com",
    "numero": 5,
    "foto": null,
    "posicao": "3"
  }
},
{
  "model": "core.jogador",
  "pk": 40,
  "fields": {
    "nome": "Roni",
    "idade": 33,
    "email": "roninaoeorustico@yahuo.com",
    "numero": 9,
    "foto": null,
    "posicao": "4"
  }
},
{
  "model": "core.jogador",
  "pk": 41,
  "fields": {
    "nome": "Igor Costa",
    "idade": 21,
    "email": "igorcosta@xerecudo.comdasilva",
    "numero": 11,
    "foto": null,
    "posicao": "4"
  }
},
{
  "model": "core.jogador",
  "pk": 51,
  "fields": {
    "nome": "Cassio",
    "idade": 41,
    "email": "cassiogoleirodasilva@gmail.com",
    "numero": 12,
    "foto": 24,
    "posicao": "1"
  }
},
{
  "model": "core.jogador",
  "pk": 52,
  "fields": {
    "nome": "Miguel",
    "idade": 24,
    "email": "goleiro2@gmail.com",
    "numero": 1,
    "foto": 25,
    "posicao": "1"
  }
},
{
  "model": "core.jogador",
  "pk": 53,
  "fields": {
    "nome": "Fagner",
    "idade": 41,
    "email": "imundodasilvaarrombado@gmail.com",
    "numero": 66,
    "foto": 26,
    "posicao": "2"
  }
},
{
  "model": "core.jogador",
  "pk": 54,
  "fields": {
    "nome": "Gil",
    "idade": 35,
    "email": "gilpernadura@gmail.com",
    "numero": 3,
    "foto": 27,
    "posicao": "2"
  }
},
{
  "model": "core.jogador",
  "pk": 55,
  "fields": {
    "nome": "Renato Augusto",
    "idade": 38,
    "email": "r9@gmail.com",
    "numero": 8,
    "foto": 28,
    "posicao": "3"
  }
},
{
  "model": "core.jogador",
  "pk": 56,
  "fields": {
    "nome": "Roger Guedes",
    "idade": 24,
    "email": "roginho9@gmail.com",
    "numero": 9,
    "foto": 29,
    "posicao": "3"
  }
},
{
  "model": "core.jogador",
  "pk": 57,
  "fields": {
    "nome": "Yuri Alberto",
    "idade": 22,
    "email": "yuri9@gmail.com",
    "numero": 99,
    "foto": 30,
    "posicao": "4"
  }
},
{
  "model": "core.jogador",
  "pk": 58,
  "fields": {
    "nome": "Memphis Depay",
    "idade": 48,
    "email": "depaulnomedepai@gmail.com",
    "numero": 11,
    "foto": 31,
    "posicao": "4"
  }
},
{
  "model": "core.jogador",
  "pk": 59,
  "fields": {
    "nome": "Rafael",
    "idade": 23,
    "email": "goleiro@gmail.com",
    "numero": 1,
    "foto": null,
    "posicao": "1"
  }
},
{
  "model": "core.jogador",
  "pk": 60,
  "fields": {
    "nome": "Rogerio Ceni",
    "idade": 44,
    "email": "goleiromundial@gmail.com",
    "numero": 12,
    "foto": null,
    "posicao": "1"
  }
},
{
  "model": "core.jogador",
  "pk": 61,
  "fields": {
    "nome": "Diego Costa",
    "idade": 28,
    "email": "diegocossta@gmail.com",
    "numero": 3,
    "foto": null,
    "posicao": "2"
  }
},
{
  "model": "core.jogador",
  "pk": 62,
  "fields": {
    "nome": "Arboleda",
    "idade": 22,
    "email": "arboleda@gmail.com",
    "numero": 3,
    "foto": null,
    "posicao": "2"
  }
},
{
  "model": "core.jogador",
  "pk": 63,
  "fields": {
    "nome": "Alisson",
    "idade": 27,
    "email": "alisson@gmail.com",
    "numero": 4,
    "foto": null,
    "posicao": "3"
  }
},
{
  "model": "core.jogador",
  "pk": 64,
  "fields": {
    "nome": "Lucas Peralta",
    "idade": 33,
    "email": "peralta@gmail.com",
    "numero": 4,
    "foto": null,
    "posicao": "3"
  }
},
{
  "model": "core.jogador",
  "pk": 65,
  "fields": {
    "nome": "Calleri",
    "idade": 28,
    "email": "calleri@gmail.com",
    "numero": 10,
    "foto": null,
    "posicao": "4"
  }
},
{
  "model": "core.jogador",
  "pk": 66,
  "fields": {
    "nome": "Patrick",
    "idade": 28,
    "email": "patrick@gmail.com",
    "numero": 9,
    "foto": null,
    "posicao": "4"
  }
},
{
  "model": "core.jogador",
  "pk": 67,
  "fields": {
    "nome": "Hulk",
    "idade": 38,
    "email": "lucas@gmnail.com",
    "numero": 7,
    "foto": 32,
    "posicao": "4"
  }
},
{
  "model": "core.jogador",
  "pk": 68,
  "fields": {
    "nome": "Scarpa",
    "idade": 20,
    "email": "soaresdasivlaljunior@gmail.com",
    "numero": 6,
    "foto": 33,
    "posicao": "3"
  }
},
{
  "model": "core.timejogador",
  "pk": 1,
  "fields": {
    "data_inicio": "2024-11-07",
    "data_termino": "2024-11-07",
    "jogador": 1,
    "time": 2
  }
},
{
  "model": "core.timejogador",
  "pk": 2,
  "fields": {
    "data_inicio": "2024-11-07",
    "data_termino": "2024-11-07",
    "jogador": 2,
    "time": 2
  }
},
{
  "model": "core.timejogador",
  "pk": 3,
  "fields": {
    "data_inicio": "2024-11-07",
    "data_termino": "2024-11-07",
    "jogador": 3,
    "time": 2
  }
},
{
  "model": "core.timejogador",
  "pk": 4,
  "fields": {
    "data_inicio": "2024-11-07",
    "data_termino": "2024-11-07",
    "jogador": 4,
    "time": 2
  }
},
{
  "model": "core.timejogador",
  "pk": 5,
  "fields": {
    "data_inicio": "2024-11-07",
    "data_termino": "2024-11-07",
    "jogador": 5,
    "time": 2
  }
},
{
  "model": "core.timejogador",
  "pk": 6,
  "fields": {
    "data_inicio": "2024-11-07",
    "data_termino": "2024-11-07",
    "jogador": 6,
    "time": 2
  }
},
{
  "model": "core.timejogador",
  "pk": 7,
  "fields": {
    "data_inicio": "2024-11-07",
    "data_termino": "2024-11-07",
    "jogador": 11,
    "time": 2
  }
},
{
  "model": "core.timejogador",
  "pk": 8,
  "fields": {
    "data_inicio": "2024-11-07",
    "data_termino": "2024-11-07",
    "jogador": 12,
    "time": 2
  }
},
{
  "model": "core.timejogador",
  "pk": 9,
  "fields": {
    "data_inicio": "2024-11-07",
    "data_termino": "2024-11-07",
    "jogador": 7,
    "time": 1
  }
},
{
  "model": "core.timejogador",
  "pk": 10,
  "fields": {
    "data_inicio": "2024-11-07",
    "data_termino": "2024-11-07",
    "jogador": 8,
    "time": 1
  }
},
{
  "model": "core.timejogador",
  "pk": 11,
  "fields": {
    "data_inicio": "2024-11-07",
    "data_termino": "2024-11-07",
    "jogador": 9,
    "time": 1
  }
},
{
  "model": "core.timejogador",
  "pk": 12,
  "fields": {
    "data_inicio": "2024-11-07",
    "data_termino": "2024-11-07",
    "jogador": 10,
    "time": 1
  }
},
{
  "model": "core.timejogador",
  "pk": 13,
  "fields": {
    "data_inicio": "2024-11-07",
    "data_termino": "2024-11-07",
    "jogador": 13,
    "time": 1
  }
},
{
  "model": "core.timejogador",
  "pk": 14,
  "fields": {
    "data_inicio": "2024-11-07",
    "data_termino": "2024-11-07",
    "jogador": 14,
    "time": 1
  }
},
{
  "model": "core.timejogador",
  "pk": 15,
  "fields": {
    "data_inicio": "2024-11-07",
    "data_termino": "2024-11-07",
    "jogador": 15,
    "time": 1
  }
},
{
  "model": "core.timejogador",
  "pk": 16,
  "fields": {
    "data_inicio": "2024-11-07",
    "data_termino": "2024-11-07",
    "jogador": 16,
    "time": 1
  }
},
{
  "model": "core.timejogador",
  "pk": 17,
  "fields": {
    "data_inicio": "2024-11-07",
    "data_termino": "2024-11-07",
    "jogador": 17,
    "time": 6
  }
},
{
  "model": "core.timejogador",
  "pk": 18,
  "fields": {
    "data_inicio": "2024-11-07",
    "data_termino": "2024-11-07",
    "jogador": 18,
    "time": 6
  }
},
{
  "model": "core.timejogador",
  "pk": 19,
  "fields": {
    "data_inicio": "2024-11-07",
    "data_termino": "2024-11-07",
    "jogador": 19,
    "time": 6
  }
},
{
  "model": "core.timejogador",
  "pk": 20,
  "fields": {
    "data_inicio": "2024-11-07",
    "data_termino": "2024-11-07",
    "jogador": 20,
    "time": 6
  }
},
{
  "model": "core.timejogador",
  "pk": 21,
  "fields": {
    "data_inicio": "2024-11-07",
    "data_termino": "2024-11-07",
    "jogador": 21,
    "time": 6
  }
},
{
  "model": "core.timejogador",
  "pk": 22,
  "fields": {
    "data_inicio": "2024-11-07",
    "data_termino": "2024-11-07",
    "jogador": 22,
    "time": 6
  }
},
{
  "model": "core.timejogador",
  "pk": 23,
  "fields": {
    "data_inicio": "2024-11-07",
    "data_termino": "2024-11-07",
    "jogador": 23,
    "time": 6
  }
},
{
  "model": "core.timejogador",
  "pk": 24,
  "fields": {
    "data_inicio": "2024-11-07",
    "data_termino": "2024-11-07",
    "jogador": 24,
    "time": 6
  }
},
{
  "model": "core.timejogador",
  "pk": 25,
  "fields": {
    "data_inicio": "2024-11-07",
    "data_termino": "2024-11-07",
    "jogador": 24,
    "time": 6
  }
},
{
  "model": "core.timejogador",
  "pk": 26,
  "fields": {
    "data_inicio": "2024-11-07",
    "data_termino": "2024-11-07",
    "jogador": 25,
    "time": 3
  }
},
{
  "model": "core.timejogador",
  "pk": 27,
  "fields": {
    "data_inicio": "2024-11-07",
    "data_termino": "2024-11-07",
    "jogador": 26,
    "time": 3
  }
},
{
  "model": "core.timejogador",
  "pk": 28,
  "fields": {
    "data_inicio": "2024-11-07",
    "data_termino": "2024-11-07",
    "jogador": 27,
    "time": 3
  }
},
{
  "model": "core.timejogador",
  "pk": 29,
  "fields": {
    "data_inicio": "2024-11-07",
    "data_termino": "2024-11-07",
    "jogador": 28,
    "time": 3
  }
},
{
  "model": "core.timejogador",
  "pk": 30,
  "fields": {
    "data_inicio": "2024-11-07",
    "data_termino": "2024-11-07",
    "jogador": 29,
    "time": 3
  }
},
{
  "model": "core.timejogador",
  "pk": 31,
  "fields": {
    "data_inicio": "2024-11-07",
    "data_termino": "2024-11-07",
    "jogador": 31,
    "time": 3
  }
},
{
  "model": "core.timejogador",
  "pk": 32,
  "fields": {
    "data_inicio": "2024-11-07",
    "data_termino": "2024-11-07",
    "jogador": 32,
    "time": 3
  }
},
{
  "model": "core.timejogador",
  "pk": 33,
  "fields": {
    "data_inicio": "2024-11-07",
    "data_termino": "2024-11-07",
    "jogador": 33,
    "time": 3
  }
},
{
  "model": "core.timejogador",
  "pk": 34,
  "fields": {
    "data_inicio": "2024-11-07",
    "data_termino": "2024-11-07",
    "jogador": 34,
    "time": 4
  }
},
{
  "model": "core.timejogador",
  "pk": 35,
  "fields": {
    "data_inicio": "2024-11-07",
    "data_termino": "2024-11-07",
    "jogador": 35,
    "time": 4
  }
},
{
  "model": "core.timejogador",
  "pk": 36,
  "fields": {
    "data_inicio": "2024-11-07",
    "data_termino": "2024-11-07",
    "jogador": 36,
    "time": 4
  }
},
{
  "model": "core.timejogador",
  "pk": 38,
  "fields": {
    "data_inicio": "2024-11-07",
    "data_termino": "2024-11-07",
    "jogador": 37,
    "time": 4
  }
},
{
  "model": "core.timejogador",
  "pk": 39,
  "fields": {
    "data_inicio": "2024-11-07",
    "data_termino": "2024-11-07",
    "jogador": 38,
    "time": 4
  }
},
{
  "model": "core.timejogador",
  "pk": 41,
  "fields": {
    "data_inicio": "2024-11-07",
    "data_termino": "2024-11-07",
    "jogador": 39,
    "time": 4
  }
},
{
  "model": "core.timejogador",
  "pk": 42,
  "fields": {
    "data_inicio": "2024-11-07",
    "data_termino": "2024-11-07",
    "jogador": 40,
    "time": 4
  }
},
{
  "model": "core.timejogador",
  "pk": 43,
  "fields": {
    "data_inicio": "2024-11-07",
    "data_termino": "2024-11-07",
    "jogador": 41,
    "time": 4
  }
},
{
  "model": "core.timejogador",
  "pk": 54,
  "fields": {
    "data_inicio": "2024-11-07",
    "data_termino": "2024-11-07",
    "jogador": 51,
    "time": 7
  }
},
{
  "model": "core.timejogador",
  "pk": 55,
  "fields": {
    "data_inicio": "2024-11-07",
    "data_termino": "2024-11-07",
    "jogador": 52,
    "time": 7
  }
},
{
  "model": "core.timejogador",
  "pk": 56,
  "fields": {
    "data_inicio": "2024-11-07",
    "data_termino": "2024-11-07",
    "jogador": 53,
    "time": 7
  }
},
{
  "model": "core.timejogador",
  "pk": 57,
  "fields": {
    "data_inicio": "2024-11-07",
    "data_termino": "2024-11-07",
    "jogador": 54,
    "time": 7
  }
},
{
  "model": "core.timejogador",
  "pk": 58,
  "fields": {
    "data_inicio": "2024-11-07",
    "data_termino": "2024-11-07",
    "jogador": 55,
    "time": 7
  }
},
{
  "model": "core.timejogador",
  "pk": 59,
  "fields": {
    "data_inicio": "2024-11-07",
    "data_termino": "2024-11-07",
    "jogador": 56,
    "time": 7
  }
},
{
  "model": "core.timejogador",
  "pk": 60,
  "fields": {
    "data_inicio": "2024-11-07",
    "data_termino": "2024-11-07",
    "jogador": 57,
    "time": 7
  }
},
{
  "model": "core.timejogador",
  "pk": 61,
  "fields": {
    "data_inicio": "2024-11-07",
    "data_termino": "2024-11-07",
    "jogador": 58,
    "time": 7
  }
},
{
  "model": "core.timejogador",
  "pk": 62,
  "fields": {
    "data_inicio": "2024-11-07",
    "data_termino": "2024-11-07",
    "jogador": 59,
    "time": 8
  }
},
{
  "model": "core.timejogador",
  "pk": 63,
  "fields": {
    "data_inicio": "2024-11-07",
    "data_termino": "2024-11-07",
    "jogador": 60,
    "time": 8
  }
},
{
  "model": "core.timejogador",
  "pk": 64,
  "fields": {
    "data_inicio": "2024-11-07",
    "data_termino": "2024-11-07",
    "jogador": 61,
    "time": 8
  }
},
{
  "model": "core.timejogador",
  "pk": 65,
  "fields": {
    "data_inicio": "2024-11-07",
    "data_termino": "2024-11-07",
    "jogador": 62,
    "time": 8
  }
},
{
  "model": "core.timejogador",
  "pk": 66,
  "fields": {
    "data_inicio": "2024-11-07",
    "data_termino": "2024-11-07",
    "jogador": 63,
    "time": 8
  }
},
{
  "model": "core.timejogador",
  "pk": 67,
  "fields": {
    "data_inicio": "2024-11-07",
    "data_termino": "2024-11-07",
    "jogador": 64,
    "time": 8
  }
},
{
  "model": "core.timejogador",
  "pk": 68,
  "fields": {
    "data_inicio": "2024-11-07",
    "data_termino": "2024-11-07",
    "jogador": 65,
    "time": 8
  }
},
{
  "model": "core.timejogador",
  "pk": 69,
  "fields": {
    "data_inicio": "2024-11-07",
    "data_termino": "2024-11-07",
    "jogador": 65,
    "time": 8
  }
},
{
  "model": "core.timejogador",
  "pk": 70,
  "fields": {
    "data_inicio": "2024-11-07",
    "data_termino": "2024-11-07",
    "jogador": 66,
    "time": 8
  }
},
{
  "model": "core.timejogador",
  "pk": 71,
  "fields": {
    "data_inicio": "2024-11-07",
    "data_termino": "2024-11-07",
    "jogador": 67,
    "time": 9
  }
},
{
  "model": "core.timejogador",
  "pk": 72,
  "fields": {
    "data_inicio": "2024-11-07",
    "data_termino": "2024-11-07",
    "jogador": 68,
    "time": 9
  }
}
]
